{"cameraMode":{"drawMode":0,"name":"Shaded","section":"Shading Mode"},"sceneLighting":true,"audioPlay":false,"sceneViewState":{"showFog":true,"showMaterialUpdate":false,"showSkybox":true,"showFlares":true,"showImageEffects":true,"showParticleSystems":true},"in2DMode":false,"pivot":{"x":-36.39274597167969,"y":-4.536014080047607,"z":30.510513305664064},"rotation":{"x":0.05024105682969093,"y":-0.9111757874488831,"z":0.11680848151445389,"w":0.39190950989723208},"size":78.84881591796875,"orthographic":false}